{"cameraMode":{"drawMode":0,"name":"Shaded","section":"Shading Mode"},"sceneLighting":true,"audioPlay":false,"sceneViewState":{"m_AlwaysRefresh":false,"showFog":true,"showSkybox":true,"showFlares":true,"showImageEffects":true,"showParticleSystems":true,"showVisualEffectGraphs":true,"m_FxEnabled":true},"in2DMode":false,"pivot":{"x":3.8887875080108644,"y":4.374520778656006,"z":-20.001466751098634},"rotation":{"x":0.006000016815960407,"y":-0.0009000119171105325,"z":0.0000052127675189694859,"w":0.9999831318855286},"size":3.3660225868225099,"orthographic":true}